species,wsg,source_short,country,site,type_tissue,location_sample,type_forest,experiment_design,rank_taxonomic
Anadenanthera colubrina,0.75,Altamirano & Rico 1992,Bolivia,,,,,,species
Schizolobium parahyba,0.34,Altamirano & Rico 1992,Bolivia,,,,,,species
Aspidosperma polyneuron,0.74,Alvarez et al. 2013,Colombia,Costa_Caribe_Colombia,,,tropical dry,,species
Hymenaea courbaril,0.83,Alvarez et al. 2013,Colombia,Costa_Caribe_Colombia,,,tropical dry,,species
Schizolobium parahyba,0.42,Alvarez et al. 2013,Colombia,Costa_Caribe_Colombia,,,tropical dry,,species
Copaifera langsdorffii,0.6,Amaro et al. 2013,Brazil,,sapwood/heartwood,bole,,,species
Piptadenia gonoacantha,0.56,Amaro et al. 2013,Brazil,,sapwood/heartwood,bole,,,species
Psidium guajava,0.55,Anonymous 1974 (Nomenclature Burma),Myanmar,,,,,,species
Dipteryx alata,0.9,Anonymous 1979 (Amazonia Colombiana),Colombia,,,,,,species
Myroxylon peruiferum,0.75,Anonymous 1979 (Amazonia Colombiana),Colombia,,,,,,species
Psidium guajava,0.6,Anonymous 1981,Indonesia,,,,,,species
Aloysia virgata,0.58,Arcanjo et al. 2016,Brazil,,sapwood/heartwood,bole,,,species
Anadenanthera colubrina,0.52,Arcanjo et al. 2016,Brazil,,sapwood/heartwood,bole,,,species
Aspidosperma polyneuron,0.71,Arcanjo et al. 2016,Brazil,,sapwood/heartwood,bole,,,species
Cedrela fissilis,0.35,Arcanjo et al. 2016,Brazil,,sapwood/heartwood,bole,,,species
Ceiba speciosa,0.19,Arcanjo et al. 2016,Brazil,,sapwood/heartwood,bole,,,species
Citharexylum myrianthum,0.36,Arcanjo et al. 2016,Brazil,,sapwood/heartwood,bole,,,species
Croton floribundus,0.42,Arcanjo et al. 2016,Brazil,,sapwood/heartwood,bole,,,species
Enterolobium contortisiliquum,0.38,Arcanjo et al. 2016,Brazil,,sapwood/heartwood,bole,,,species
Luehea divaricata,0.43,Arcanjo et al. 2016,Brazil,,sapwood/heartwood,bole,,,species
Parapiptadenia rigida,0.61,Arcanjo et al. 2016,Brazil,,sapwood/heartwood,bole,,,species
Peltophorum dubium,0.49,Arcanjo et al. 2016,Brazil,,sapwood/heartwood,bole,,,species
Piptadenia gonoacantha,0.56,Arcanjo et al. 2016,Brazil,,sapwood/heartwood,bole,,,species
Poecilanthe parviflora,0.73,Arcanjo et al. 2016,Brazil,,sapwood/heartwood,bole,,,species
Pterogyne nitens,0.65,Arcanjo et al. 2016,Brazil,,sapwood/heartwood,bole,,,species
Schinus terebinthifolia,0.43,Arcanjo et al. 2016,Brazil,,sapwood/heartwood,bole,,,species
Senegalia polyphylla,0.57,Arcanjo et al. 2016,Brazil,,sapwood/heartwood,bole,,,species
Zeyheria tuberculosa,0.58,Arcanjo et al. 2016,Brazil,,sapwood/heartwood,bole,,,species
Psidium guajava,0.55,Benthall 1984,India,,,,,,species
Senegalia polyphylla,0.65,CIRAD Xylotheque,,,,,,,species
Senegalia polyphylla,0.7,CIRAD Xylotheque,Paraguay,,,,,,species
Senegalia polyphylla,0.47,CIRAD Xylotheque,Peru,,,,,,species
Anadenanthera colubrina,0.81,CIRAD Xylotheque,Argentina,,,,,,species
Anadenanthera colubrina,0.77,CIRAD Xylotheque,Bolivia,,,,,,species
Anadenanthera colubrina,0.79,CIRAD Xylotheque,Paraguay,,,,,,species
Aspidosperma polyneuron,0.63,CIRAD Xylotheque,Argentina,,,,,,species
Aspidosperma polyneuron,0.73,CIRAD Xylotheque,Brazil,,,,,,species
Aspidosperma polyneuron,0.61,CIRAD Xylotheque,Brazil,,,,,,species
Aspidosperma polyneuron,0.48,CIRAD Xylotheque,Brazil,,,,,,species
Aspidosperma polyneuron,0.68,CIRAD Xylotheque,Paraguay,,,,,,species
Cedrela fissilis,0.36,CIRAD Xylotheque,Bolivia,,,,,,species
Cedrela fissilis,0.38,CIRAD Xylotheque,Ecuador,,,,,,species
Cedrela fissilis,0.41,CIRAD Xylotheque,Paraguay,,,,,,species
Cedrela fissilis,0.37,CIRAD Xylotheque,Paraguay,,,,,,species
Cedrela fissilis,0.32,CIRAD Xylotheque,Peru,,,,,,species
Copaifera langsdorffii,0.62,CIRAD Xylotheque,Bolivia,,,,,,species
Copaifera langsdorffii,0.55,CIRAD Xylotheque,Brazil,,,,,,species
Copaifera langsdorffii,0.59,CIRAD Xylotheque,Brazil,,,,,,species
Copaifera langsdorffii,0.73,CIRAD Xylotheque,Paraguay,,,,,,species
Croton floribundus,0.38,CIRAD Xylotheque,Paraguay,,,,,,species
Dipteryx alata,0.72,CIRAD Xylotheque,Bolivia,,,,,,species
Dipteryx alata,0.8,CIRAD Xylotheque,Peru,,,,,,species
Enterolobium contortisiliquum,0.37,CIRAD Xylotheque,Argentina,,,,,,species
Enterolobium contortisiliquum,0.41,CIRAD Xylotheque,Bolivia,,,,,,species
Hymenaea courbaril,0.75,CIRAD Xylotheque,French West Indies,,,,,,species
Hymenaea courbaril,0.71,CIRAD Xylotheque,Guatemala,,,,,,species
Hymenaea courbaril,0.74,CIRAD Xylotheque,Guyana,,,,,,species
Hymenaea courbaril,0.7,CIRAD Xylotheque,French Guiana,,,,,,species
Hymenaea courbaril,0.75,CIRAD Xylotheque,French Guiana,,,,,,species
Hymenaea courbaril,0.78,CIRAD Xylotheque,Peru,,,,,,species
Hymenaea courbaril,0.75,CIRAD Xylotheque,Suriname,,,,,,species
Hymenaea courbaril,0.65,CIRAD Xylotheque,Brazil,,,,,,species
Luehea divaricata,0.46,CIRAD Xylotheque,Argentina,,,,,,species
Machaerium brasiliense,0.61,CIRAD Xylotheque,Argentina,,,,,,species
Machaerium hirtum,0.37,CIRAD Xylotheque,Bolivia,,,,,,species
Myroxylon peruiferum,0.82,CIRAD Xylotheque,Argentina,,,,,,species
Myroxylon peruiferum,0.71,CIRAD Xylotheque,Ecuador,,,,,,species
Parapiptadenia rigida,0.77,CIRAD Xylotheque,Argentina,,,,,,species
Parapiptadenia rigida,0.66,CIRAD Xylotheque,Paraguay,,,,,,species
Parapiptadenia rigida,0.8,CIRAD Xylotheque,Paraguay,,,,,,species
Parapiptadenia rigida,0.8,CIRAD Xylotheque,Paraguay,,,,,,species
Hymenaea courbaril,0.77,CIRAD Xylotheque,Bolivia,,,,,,species
Hymenaea courbaril,0.75,CIRAD Xylotheque,Brazil,,,,,,species
Peltophorum dubium,0.83,CIRAD Xylotheque,Argentina,,,,,,species
Peltophorum dubium,0.62,CIRAD Xylotheque,Argentina,,,,,,species
Peltophorum dubium,0.66,CIRAD Xylotheque,Argentina,,,,,,species
Peltophorum dubium,0.69,CIRAD Xylotheque,Paraguay,,,,,,species
Peltophorum dubium,0.72,CIRAD Xylotheque,Paraguay,,,,,,species
Psidium guajava,0.64,CIRAD Xylotheque,Angola,,,,,,species
Psidium guajava,0.58,CIRAD Xylotheque,French West Indies,,,,,,species
Psidium guajava,0.62,CIRAD Xylotheque,Cote d'Ivoire,,,,,,species
Psidium guajava,0.78,CIRAD Xylotheque,New Caledonia,,,,,,species
Psidium guajava,0.56,CIRAD Xylotheque,Panama,,,,,,species
Psidium guajava,0.59,CIRAD Xylotheque,French Polynesia,,,,,,species
Psidium guajava,0.65,CIRAD Xylotheque,Senegal,,,,,,species
Pterogyne nitens,0.6,CIRAD Xylotheque,Argentina,,,,,,species
Pterogyne nitens,0.66,CIRAD Xylotheque,Bolivia,,,,,,species
Pterogyne nitens,0.75,CIRAD Xylotheque,Brazil,,,,,,species
Pterogyne nitens,0.68,CIRAD Xylotheque,Paraguay,,,,,,species
Schinus terebinthifolia,0.56,CIRAD Xylotheque,Portugal,,,,,,species
Schizolobium parahyba,0.23,CIRAD Xylotheque,Guatemala,,,,,,species
Schizolobium parahyba,0.26,CIRAD Xylotheque,Mexico,,,,,,species
Schizolobium parahyba,0.28,CIRAD Xylotheque,Nicaragua,,,,,,species
Schizolobium parahyba,0.32,CIRAD Xylotheque,Peru,,,,,,species
Zeyheria tuberculosa,0.75,CIRAD Xylotheque,Bolivia,,,,,,species
Anadenanthera colubrina,0.68,Cartuche Peralta 2022,Ecuador,,,,,,species
Schizolobium parahyba,0.4,Cartuche Peralta 2022,Ecuador,,,,,,species
Hymenaea courbaril,0.84,Casas et al. 2017,Colombia,"6.019,-74.206",sapwood/heartwood,,TerraFirme,,species
Hymenaea courbaril,0.88,Casas et al. 2017,Colombia,"6.046,-74.268",sapwood/heartwood,,TerraFirme,,species
Hymenaea courbaril,0.9,Casas et al. 2017,Colombia,"6.046,-74.268",sapwood/heartwood,,TerraFirme,,species
Hymenaea courbaril,0.98,Casas et al. 2017,Colombia,"6.046,-74.268",sapwood/heartwood,,TerraFirme,,species
Hymenaea courbaril,0.99,Casas et al. 2017,Colombia,"6.019,-74.206",sapwood/heartwood,,TerraFirme,,species
Hymenaea courbaril,1.04,Casas et al. 2017,Colombia,"6.019,-74.206",sapwood/heartwood,,TerraFirme,,species
Hymenaea courbaril,1.06,Casas et al. 2017,Colombia,"6.019,-74.206",sapwood/heartwood,,TerraFirme,,species
Senegalia polyphylla,0.39,Casas et al. 2017,Colombia,"3.582,-73.71",sapwood/heartwood,,TerraFirme,,species
Senegalia polyphylla,0.46,Casas et al. 2017,Colombia,"6.685,-74.139",sapwood/heartwood,,Varzea,,species
Senegalia polyphylla,0.55,Casas et al. 2017,Colombia,"3.582,-73.71",sapwood/heartwood,,TerraFirme,,species
Senegalia polyphylla,0.59,Casas et al. 2017,Colombia,"6.682,-74.157",sapwood/heartwood,,Varzea,,species
Senegalia polyphylla,0.59,Casas et al. 2017,Colombia,"6.682,-74.157",sapwood/heartwood,,Varzea,,species
Senegalia polyphylla,0.6,Casas et al. 2017,Colombia,"3.582,-73.71",sapwood/heartwood,,TerraFirme,,species
Senegalia polyphylla,0.62,Casas et al. 2017,Colombia,"3.582,-73.71",sapwood/heartwood,,TerraFirme,,species
Senegalia polyphylla,0.63,Casas et al. 2017,Colombia,"3.582,-73.71",sapwood/heartwood,,TerraFirme,,species
Senegalia polyphylla,0.66,Casas et al. 2017,Colombia,"6.682,-74.157",sapwood/heartwood,,Varzea,,species
Senegalia polyphylla,0.68,Casas et al. 2017,Colombia,"6.685,-74.139",sapwood/heartwood,,Varzea,,species
Senegalia polyphylla,0.68,Casas et al. 2017,Colombia,"6.685,-74.139",sapwood/heartwood,,Varzea,,species
Senegalia polyphylla,0.69,Casas et al. 2017,Colombia,"3.582,-73.71",sapwood/heartwood,,TerraFirme,,species
Hymenaea courbaril,0.76,Chudnoff 1984,,,,,,,species
Luehea divaricata,0.48,Costa et al. 2014,Brazil,"Fazenda Campo Lindo, Itumirim, MG",,bole,,,species
Schinus terebinthifolia,0.56,Crivellaro and Schweingruber 2013,Cyprus,Cyprus,sapwood/heartwood,bole,,,species
Hymenaea courbaril,0.88,Cunha et al. 1989,Brazil,,,,,,species
Piptadenia gonoacantha,0.59,Damásio et al. 2013,Brazil,"Mata da Silvicultura, Viçosa, MG, Brazil (-20.767981, -42.875657)",,bole,,,species
Aspidosperma polyneuron,0.56,Dimitri & Biloni 1973,Argentina,,,,,,species
Cedrela fissilis,0.46,Dimitri & Biloni 1973,Argentina,,,,,,species
Ceiba speciosa,0.22,Dimitri & Biloni 1973,Argentina,,,,,,species
Enterolobium contortisiliquum,0.28,Dimitri & Biloni 1973,Argentina,,,,,,species
Luehea divaricata,0.5,Dimitri & Biloni 1973,Argentina,,,,,,species
Myroxylon peruiferum,0.8,Dimitri & Biloni 1973,Argentina,,,,,,species
Peltophorum dubium,0.75,Dimitri & Biloni 1973,Argentina,,,,,,species
Parapiptadenia rigida,0.81,Dimitri & Biloni 1973,Argentina,,,,,,species
Hymenaea courbaril,0.6,Djoen Seng 1951 (1990),Indonesia,,,,,,species
Anadenanthera colubrina,0.88,Easdale (unpublished data),,,,,,,species
Urera baccifera,0.16,Easdale (unpublished data),,,,,,,species
Hymenaea courbaril,0.8,Ferraz et al. 2004,Brazil,,,,,,species
Hymenaea courbaril,1,Ferraz et al. 2004,Brazil,,,,,,species
Dipteryx alata,0.94,França 2002,Brazil,"Sena Madureira, Acre, Brazil",,,,,species
Schizolobium parahyba,0.43,França 2002,Brazil,"Sena Madureira, Acre, Brazil",,,,,species
Hymenaea courbaril,0.71,Freyburger et al. 2009,,,,,,Validation of the use of X-ray computed tomography to measure wood density,species
Hymenaea courbaril,0.65,Gazel 1983,French Guiana,,,,,,species
Anadenanthera colubrina,0.81,Gimenez & Moglia 2003,Argentina,,,,,,species
Ceiba speciosa,0.22,Gimenez & Moglia 2003,Argentina,,,,,,species
Enterolobium contortisiliquum,0.32,Gimenez & Moglia 2003,Argentina,,,,,,species
Luehea divaricata,0.51,Gimenez & Moglia 2003,Argentina,,,,,,species
Peltophorum dubium,0.74,Gimenez & Moglia 2003,Argentina,,,,,,species
Pterogyne nitens,0.65,Gimenez & Moglia 2003,Argentina,,,,,,species
Senegalia polyphylla,0.6,Goodman et al. 2014,Peru,"Tahuamanu Province, Madre de Dios, Peru",,bole,,"WD data collected as part of experiment to develop allometric equations using directly measured tree fresh mass. Sampling scheme designed to have equal number of trees in each 20-cm dbh class; within each class, samples represent the range and average wood density and species composition of the forest",species
Hymenaea courbaril,0.65,Goodman et al. 2014,Peru,"Tahuamanu Province, Madre de Dios, Peru",,bole,,"WD data collected as part of experiment to develop allometric equations using directly measured tree fresh mass. Sampling scheme designed to have equal number of trees in each 20-cm dbh class; within each class, samples represent the range and average wood density and species composition of the forest",species
Senegalia polyphylla,0.58,Gutierrez Rojas & Sandova,Bolivia,,,,,,species
Anadenanthera colubrina,0.82,Gutierrez Rojas & Sandova,Bolivia,,,,,,species
Aspidosperma polyneuron,0.7,Gutierrez Rojas & Sandova,Bolivia,,,,,,species
Centrolobium tomentosum,0.55,Gutierrez Rojas & Sandova,Bolivia,,,,,,species
Ceiba speciosa,0.29,Gutierrez Rojas & Sandova,Bolivia,,,,,,species
Enterolobium contortisiliquum,0.36,Gutierrez Rojas & Sandova,Bolivia,,,,,,species
Hymenaea courbaril,0.74,Gutierrez Rojas & Sandova,Bolivia,,,,,,species
Myroxylon peruiferum,0.75,Gutierrez Rojas & Sandova,Bolivia,,,,,,species
Pterogyne nitens,0.65,Gutierrez Rojas & Sandova,Bolivia,,,,,,species
Schizolobium parahyba,0.47,Gutierrez Rojas & Sandova,Bolivia,,,,,,species
Schizolobium parahyba,0.38,Gutierrez Rojas & Sandova,Bolivia,,,,,,species
Myroxylon peruiferum,0.78,Hidayat & Simpson 1994,,,,,,,species
Hymenaea courbaril,0.88,Hidayat & Simpson 1994,,,,,,,species
Hymenaea courbaril,0.75,Hidayat & Simpson 1994,,,,,,,species
Hymenaea courbaril,0.72,Hidayat & Simpson 1994,,,,,,,species
Hymenaea courbaril,0.82,Hidayat & Simpson 1994,,,,,,,species
Schizolobium parahyba,0.24,IBDF 1983,Brazil,,,,,,species
Hymenaea courbaril,0.76,IBDF 1988,Brazil,,,,,,species
Pterogyne nitens,0.76,IBDF 1988,Brazil,,,,,,species
Hymenaea courbaril,0.71,INPA 1991,Brazil,,,,,,species
Anadenanthera colubrina,0.84,INTI 2003,Argentina,,,,,,species
Aspidosperma polyneuron,0.74,INTI 2003,Argentina,,,,,,species
Aspidosperma polyneuron,0.65,INTI 2003,Argentina,,,,,,species
Cedrela fissilis,0.44,INTI 2003,Argentina,,,,,,species
Cedrela fissilis,0.46,INTI 2003,Argentina,,,,,,species
Centrolobium tomentosum,0.58,INTI 2003,Argentina,,,,,,species
Ceiba speciosa,0.22,INTI 2003,Argentina,,,,,,species
Enterolobium contortisiliquum,0.3,INTI 2003,Argentina,,,,,,species
Enterolobium contortisiliquum,0.35,INTI 2003,Argentina,,,,,,species
Hymenaea courbaril,0.76,INTI 2003,Argentina,,,,,,species
Luehea divaricata,0.53,INTI 2003,Argentina,,,,,,species
Luehea divaricata,0.51,INTI 2003,Argentina,,,,,,species
Machaerium brasiliense,0.58,INTI 2003,Argentina,,,,,,species
Myroxylon peruiferum,0.8,INTI 2003,Argentina,,,,,,species
Parapiptadenia rigida,0.79,INTI 2003,Argentina,,,,,,species
Parapiptadenia rigida,0.7,INTI 2003,Argentina,,,,,,species
Peltophorum dubium,0.75,INTI 2003,Argentina,,,,,,species
Pterogyne nitens,0.67,INTI 2003,Argentina,,,,,,species
Pterogyne nitens,0.64,INTI 2003,Argentina,,,,,,species
Pterogyne nitens,0.68,INTI 2003,Argentina,,,,,,species
Schizolobium parahyba,0.27,INTI 2003,Argentina,,,,,,species
Schizolobium parahyba,0.34,INTI 2003,Argentina,,,,,,species
Aspidosperma polyneuron,0.9,Imana-Encinas et al. 2012,Brazil,"Sítio Palmares, Santa Maria Jetibá, ES (-20.151679, -40.773121)",,bole,,,species
Enterolobium contortisiliquum,0.6,Imana-Encinas et al. 2012,Brazil,"Sítio Palmares, Santa Maria Jetibá, ES (-20.151679, -40.773121)",,bole,,,species
Hymenaea courbaril,0.85,Imana-Encinas et al. 2012,Brazil,"Sítio Palmares, Santa Maria Jetibá, ES (-20.151679, -40.773121)",,bole,,,species
Piptadenia gonoacantha,0.79,Imana-Encinas et al. 2012,Brazil,"Sítio Palmares, Santa Maria Jetibá, ES (-20.151679, -40.773121)",,bole,,,species
Psidium guajava,0.59,Kanawjia et al. 2013,India,"Srinagar Valley, Garhwal Himalayas",,,,,species
Hymenaea courbaril,0.77,Kukacha 1970,,,,,,,species
Piptadenia gonoacantha,0.77,Lima 2009,Brazil,"APA Rio São João, counties of Casimiro de Abreu (22°28'50""S; 42°1 2'15""W), Silva Jardim (22°39'03""S; 42°23'30""W) and Rio Bonito (22°42'30""S; 42°37'34""W), state of Rio de Janeiro, Brazil",,bole,,,species
Hymenaea courbaril,0.67,Little & Wadesworth 1964,Puerto Rico,,,,,,species
Senegalia polyphylla,0.65,Lorenzi 1992/2000,Brazil,,,,,,species
Anadenanthera colubrina,0.82,Lorenzi 1992/2000,Brazil,,,,,,species
Aspidosperma polyneuron,0.65,Lorenzi 1992/2000,Brazil,,,,,,species
Cedrela fissilis,0.46,Lorenzi 1992/2000,Brazil,,,,,,species
Ceiba speciosa,0.46,Lorenzi 1992/2000,Brazil,,,,,,species
Centrolobium tomentosum,0.62,Lorenzi 1992/2000,Brazil,,,,,,species
Copaifera langsdorffii,0.58,Lorenzi 1992/2000,Brazil,,,,,,species
Croton floribundus,0.5,Lorenzi 1992/2000,Brazil,,,,,,species
Dipteryx alata,0.91,Lorenzi 1992/2000,Brazil,,,,,,species
Enterolobium contortisiliquum,0.44,Lorenzi 1992/2000,Brazil,,,,,,species
Hymenaea courbaril,0.8,Lorenzi 1992/2000,Brazil,,,,,,species
Luehea divaricata,0.53,Lorenzi 1992/2000,Brazil,,,,,,species
Machaerium brasiliense,0.55,Lorenzi 1992/2000,Brazil,,,,,,species
Machaerium hirtum,0.55,Lorenzi 1992/2000,Brazil,,,,,,species
Myroxylon peruiferum,0.79,Lorenzi 1992/2000,Brazil,,,,,,species
Peltophorum dubium,0.57,Lorenzi 1992/2000,Brazil,,,,,,species
Piptadenia gonoacantha,0.62,Lorenzi 1992/2000,Brazil,,,,,,species
Parapiptadenia rigida,0.7,Lorenzi 1992/2000,Brazil,,,,,,species
Poecilanthe parviflora,0.82,Lorenzi 1992/2000,Brazil,,,,,,species
Psidium guajava,0.66,Lorenzi 1992/2000,Brazil,,,,,,species
Pterogyne nitens,0.64,Lorenzi 1992/2000,Brazil,,,,,,species
Schizolobium parahyba,0.27,Lorenzi 1992/2000,Brazil,,,,,,species
Aspidosperma polyneuron,0.85,Loureiro & Braga Lisboa 1978,Brazil,,,,,,species
Cedrela fissilis,0.55,Loureiro & Braga Lisboa 1978,Brazil,,,,,,species
Hymenaea courbaril,0.9,Loureiro & Braga Lisboa 1978,Brazil,,,,,,species
Hymenaea courbaril,0.76,Malavassi 1992,Costa Rica,,,,,,species
Schizolobium parahyba,0.65,Malavassi 1992,Costa Rica,,,,,,species
Anadenanthera colubrina,0.68,Markesteijn and Poorter 2009,Bolivia,Inpa,,,Tropical lowland dry forest,,species
Cedrela fissilis,0.21,Markesteijn and Poorter 2009,Bolivia,La Chonta,,,Tropical lowland semiвЂђevergreen moist forest,,species
Ceiba speciosa,0.17,Markesteijn and Poorter 2009,Bolivia,Inpa,,,Tropical lowland dry forest,,species
Hymenaea courbaril,0.2,Markesteijn and Poorter 2009,Bolivia,Inpa,,,Tropical lowland dry forest,,species
Pterogyne nitens,0.74,Markesteijn and Poorter 2009,Bolivia,Inpa,,,Tropical lowland dry forest,,species
Schizolobium parahyba,0.31,Markesteijn and Poorter 2009,Bolivia,La Chonta,,,Tropical lowland semiвЂђevergreen moist forest,,species
Urera baccifera,0.13,Markesteijn and Poorter 2009,Bolivia,Inpa,,,Tropical lowland dry forest,,species
Aspidosperma polyneuron,0.76,Martins 1944,Brazil,,,,,,species
Hymenaea courbaril,0.83,Martins 1944,Brazil,,,,,,species
Hymenaea courbaril,0.83,Martins 1944,Brazil,,,,,,species
Hymenaea courbaril,0.83,Martins 1944,Brazil,,,,,,species
Parapiptadenia rigida,1.03,Martins 1944,Brazil,,,,,,species
Schizolobium parahyba,0.29,Martins 1944,Brazil,,,,,,species
Hymenaea courbaril,0.73,Nogueira et al. 2007,Brazil,Cotriguaçu/MT,,bole,,,species
Hymenaea courbaril,0.84,Nogueira et al. 2007,Brazil,Cotriguaçu/MT,,bole,,,species
Aspidosperma polyneuron,0.78,Paula and Alves 2010,Brazil,,,,,,species
Cedrela fissilis,0.53,Paula and Alves 2010,Brazil,,,,,,species
Ceiba speciosa,0.38,Paula and Alves 2010,Brazil,,,,,,species
Centrolobium tomentosum,0.58,Paula and Alves 2010,Brazil,,,,,,species
Copaifera langsdorffii,0.68,Paula and Alves 2010,Brazil,,,,,,species
Dipteryx alata,0.73,Paula and Alves 2010,Brazil,,,,,,species
Dipteryx alata,0.81,Paula and Alves 2010,Brazil,,,,,,species
Enterolobium contortisiliquum,0.51,Paula and Alves 2010,Brazil,,,,,,species
Hymenaea courbaril,0.74,Paula and Alves 2010,Brazil,,,,,,species
Luehea divaricata,0.48,Paula and Alves 2010,Brazil,,,,,,species
Mimosa caesalpiniifolia,0.78,Paula and Alves 2010,Brazil,,,,,,species
Mimosa caesalpiniifolia,0.82,Paula and Alves 2010,Brazil,,,,,,species
Hymenaea courbaril,0.78,Paula and Alves 2010,Brazil,,,,,,species
Peltophorum dubium,0.54,Paula and Alves 2010,Brazil,,,,,,species
Peltophorum dubium,0.65,Paula and Alves 2010,Brazil,,,,,,species
Piptadenia gonoacantha,0.69,Paula and Alves 2010,Brazil,,,,,,species
Pterogyne nitens,0.64,Paula and Alves 2010,Brazil,,,,,,species
Schizolobium parahyba,0.48,Paula and Alves 2010,Brazil,,,,,,species
Schizolobium parahyba,0.52,Paula and Alves 2010,Brazil,,,,,,species
Senegalia polyphylla,0.61,Paula and Alves 2010,Brazil,,,,,,species
Zeyheria tuberculosa,0.55,Paula and Alves 2010,Brazil,,,,,,species
Luehea divaricata,0.49,Paula et al. 1993,Brazil,"Margem do córrego Capãozinho, Sobradinho, DF, Brazil (-15.655169, -48.223539)",,bole,,,species
Anadenanthera colubrina,0.69,Poorter et al. 2014,Bolivia,lowland Bolivia,,,,To study the bark traits and life-history strategies of tropical dry- and moist forest trees,species
Ceiba speciosa,0.18,Poorter et al. 2014,Bolivia,lowland Bolivia,,,,To study the bark traits and life-history strategies of tropical dry- and moist forest trees,species
Schizolobium parahyba,0.43,Poorter et al. 2014,Bolivia,lowland Bolivia,,,,To study the bark traits and life-history strategies of tropical dry- and moist forest trees,species
Urera baccifera,0.27,Poorter et al. 2014,Bolivia,lowland Bolivia,,,,To study the bark traits and life-history strategies of tropical dry- and moist forest trees,species
Zeyheria tuberculosa,0.54,Poorter et al. 2014,Bolivia,lowland Bolivia,,,,To study the bark traits and life-history strategies of tropical dry- and moist forest trees,species
Hymenaea courbaril,0.84,Powers and Tiffin 2010,Costa Rica,Northwestern Costa Rica,sapwood/heartwood,bole,"Tropical dry forest, young succession",,species
Ceiba speciosa,0.35,Prospect,,,,,,,species
Aspidosperma polyneuron,0.65,Prospect,,,,,,,species
Schizolobium parahyba,0.3,Prospect,,,,,,,species
Aspidosperma polyneuron,0.79,Reyes et al. 1992,,,,,,,species
Hymenaea courbaril,0.55,Reyes et al. 1992,,,,,,,species
Hymenaea courbaril,0.77,Reyes et al. 1992,,,,,,,species
Hymenaea courbaril,0.79,Reyes et al. 1992,,,,,,,species
Piptadenia gonoacantha,0.69,Reyes et al. 1992,,,,,,,species
Parapiptadenia rigida,0.75,Reyes et al. 1992,,,,,,,species
Pterogyne nitens,0.67,Reyes et al. 1992,,,,,,,species
Anadenanthera colubrina,0.96,Ribeiro et al. 2019,Brazil,Caatinga,sapwood/heartwood,bole,"Caatinga dry forest, anthropogenic disturbances",,species
Senegalia polyphylla,0.97,Ribeiro et al. 2019,Brazil,Caatinga,sapwood/heartwood,bole,"Caatinga dry forest, anthropogenic disturbances",,species
Hymenaea courbaril,0.62,Sarmiento et al. 2011,French Guiana,,sapwood,bole,,,species
Dipteryx alata,0.85,Silman (unpublished data),,,,,,,species
Aspidosperma polyneuron,0.64,Silveira 2008,Brazil,"Apirina and Presidente Nereu, SC, Brazil (-27.19844, -49.255306)",,bole,,,species
Cedrela fissilis,0.56,Silveira 2008,Brazil,"Apirina and Presidente Nereu, SC, Brazil (-27.19844, -49.255306)",,bole,,,species
Copaifera langsdorffii,0.53,Silveira 2008,Brazil,"Apirina and Presidente Nereu, SC, Brazil (-27.19844, -49.255306)",,bole,,,species
Schizolobium parahyba,0.28,Sotomayor Castellanos et al. 2010,Mexico,,sapwood/heartwood,,,,species
Copaifera langsdorffii,0.58,Souza et al. 2012,Brazil,"margens da Lagoa Silvana (CENIBRA), Ipaba, MG, Brazil (-19.514297, -42.438287)",,bole,,,species
Machaerium brasiliense,0.67,Souza et al. 2012,Brazil,"margens da Lagoa Silvana (CENIBRA), Ipaba, MG, Brazil (-19.514297, -42.438287)",,bole,,,species
Luehea divaricata,0.52,Souza et al. 2017,Brazil,"Capao Alto, Santa Carina",,bole,,,species
Parapiptadenia rigida,0.68,Souza et al. 2017,Brazil,"Capao Alto, Santa Carina",,bole,,,species
Schizolobium parahyba,0.3,Tamarit-Urias & Fuentes-Salinas 2003,Mexico,,,,,,species
Schizolobium parahyba,0.3,Torelli 1982,Mexico,,,,,,species
Urera baccifera,0.39,Umaña et al. 2016,Puerto Rico,Luquillo Forest Dynamics Plot,,bole,Subtropical wet forest,,species
Senegalia polyphylla,0.78,Utrecht xylarium,Brazil,,,,,,species
Cedrela fissilis,0.4,Vieilledent et al. 2017,Paraguay,,,bole,,,species
Cedrela fissilis,0.44,Vieilledent et al. 2017,Paraguay,,,bole,,,species
Enterolobium contortisiliquum,0.42,Vieilledent et al. 2017,Brazil,,,bole,,,species
Enterolobium contortisiliquum,0.42,Vieilledent et al. 2017,Paraguay,,,bole,,,species
Enterolobium contortisiliquum,0.43,Vieilledent et al. 2017,Paraguay,,,bole,,,species
Hymenaea courbaril,0.94,Vieilledent et al. 2017,Brazil,,,bole,,,species
Hymenaea courbaril,0.66,Vieilledent et al. 2017,French Guiana,,,bole,,,species
Hymenaea courbaril,0.67,Vieilledent et al. 2017,French Guiana,,,bole,,,species
Hymenaea courbaril,0.67,Vieilledent et al. 2017,French Guiana,,,bole,,,species
Hymenaea courbaril,0.71,Vieilledent et al. 2017,French Guiana,,,bole,,,species
Hymenaea courbaril,0.72,Vieilledent et al. 2017,French Guiana,,,bole,,,species
Hymenaea courbaril,0.74,Vieilledent et al. 2017,French Guiana,,,bole,,,species
Hymenaea courbaril,0.75,Vieilledent et al. 2017,French Guiana,,,bole,,,species
Hymenaea courbaril,0.77,Vieilledent et al. 2017,French Guiana,,,bole,,,species
Hymenaea courbaril,0.83,Vieilledent et al. 2017,French Guiana,,,bole,,,species
Hymenaea courbaril,0.74,Vieilledent et al. 2017,Guadeloupe,,,bole,,,species
Hymenaea courbaril,0.74,Vieilledent et al. 2017,Guadeloupe,,,bole,,,species
Hymenaea courbaril,0.79,Vieilledent et al. 2017,Guadeloupe,,,bole,,,species
Hymenaea courbaril,0.65,Vieilledent et al. 2017,Martinique,,,bole,,,species
Hymenaea courbaril,0.68,Vieilledent et al. 2017,Martinique,,,bole,,,species
Hymenaea courbaril,0.69,Vieilledent et al. 2017,Martinique,,,bole,,,species
Hymenaea courbaril,0.69,Vieilledent et al. 2017,Martinique,,,bole,,,species
Hymenaea courbaril,0.7,Vieilledent et al. 2017,Martinique,,,bole,,,species
Peltophorum dubium,0.76,Vieilledent et al. 2017,Paraguay,,,bole,,,species
Psidium guajava,0.6,Vieilledent et al. 2017,Guadeloupe,,,bole,,,species
Pterogyne nitens,0.71,Vieilledent et al. 2017,Paraguay,,,bole,,,species
Pterogyne nitens,0.72,Vieilledent et al. 2017,Paraguay,,,bole,,,species
Hymenaea courbaril,0.68,Vink 1983,Suriname,,,,,,species
Hymenaea courbaril,0.79,Vink 1983,Suriname,,,,,,species
Hymenaea courbaril,0.8,Wagenführ 2007,,,,bole,,,species
Psidium guajava,0.58,Zhang et al. 2011,China,,,,,,species
Cedrela fissilis,0.43,Zimmermann Oliveira et al. 2019,Brazil,"Guaramirim, center of sampling sites given by long/lat",sapwood/heartwood/pith,bole,Evergreen rainforest,,species
Citharexylum myrianthum,0.45,Zimmermann Oliveira et al. 2019,Brazil,"Guaramirim, center of sampling sites given by long/lat",sapwood/heartwood/pith,bole,Evergreen rainforest,,species
Schizolobium parahyba,0.39,Zimmermann Oliveira et al. 2019,Brazil,"Guaramirim, center of sampling sites given by long/lat",sapwood/heartwood/pith,bole,Evergreen rainforest,,species
Cedrela fissilis,0.42,own field data (Camarero),Colombia/Bolivia,"16° 07'І S, 61° 43'І W",sapwood,,,,species
Zeyheria tuberculosa,0.61,own field data (Camarero),Colombia/Bolivia,"16° 07'І S, 61° 43'І W",sapwood,,,,species
Schizolobium parahyba,0.49,own field data (Hietz),Mexico,"Chajul, Mexico, 16°N, 90°50' W",,,,,species
Anadenanthera colubrina,0.59,own field data (Luiz Alves de Lima),Brazil,"7°53'48"" S; 38°18'13"" W",bark/sapwood/heartwood,,,,species
Anadenanthera colubrina,0.76,own field data (Luiz Alves de Lima),Brazil,"8°18'43"" S; 38°11'45"" W",bark/sapwood/heartwood,,,,species
Citharexylum myrianthum,0.49,own field data (Magnago),Brazil,Natural Vale Reserve,heartwood,,,Permanent Plots,species
Copaifera langsdorffii,0.58,own field data (Magnago),Brazil,Natural Vale Reserve,heartwood,,,Permanent Plots,species
Hymenaea courbaril,0.94,own field data (Magnago),Brazil,Natural Vale Reserve,heartwood,,,Permanent Plots,species
Lonchocarpus cultratus,0.63,own field data (Magnago),Brazil,Natural Vale Reserve,heartwood,,,Permanent Plots,species
Myroxylon peruiferum,0.79,own field data (Magnago),Brazil,Natural Vale Reserve,heartwood,,,Permanent Plots,species
Hymenaea courbaril,0.7,own field data (Magnago),Brazil,Natural Vale Reserve,heartwood,,,Permanent Plots,species
Schizolobium parahyba,0.31,own field data (Magnago),Brazil,Natural Vale Reserve,heartwood,,,Permanent Plots,species
Senegalia polyphylla,0.82,own field data (Magnago),Brazil,Natural Vale Reserve,heartwood,,,Permanent Plots,species
Zeyheria tuberculosa,0.66,own field data (Magnago),Brazil,Natural Vale Reserve,heartwood,,,Permanent Plots,species
Anadenanthera colubrina,0.76,own field data (Olson),Brazil,"-7.470833333, -36.8975",sapwood,,,,species
Hymenaea courbaril,0.7,own field data (Schuldt),Costa Rica,"Costa Rica, Horizontes",sapwood,,,,species
Anadenanthera colubrina,0.81,own field data (Van der Sande),Bolivia,INPA,sapwood/heartwood,,,,species
Cedrela fissilis,0.47,own field data (Van der Sande),Bolivia,La Chonta,sapwood/heartwood,,,,species
Cedrela fissilis,0.47,own field data (Van der Sande),Bolivia,INPA,sapwood/heartwood,,,,species
Ceiba speciosa,0.28,own field data (Van der Sande),Bolivia,INPA,sapwood/heartwood,,,,species
Dipteryx alata,0.76,own field data (Van der Sande),Bolivia,INPA,sapwood/heartwood,,,,species
Hymenaea courbaril,0.78,own field data (Van der Sande),Bolivia,La Chonta,sapwood/heartwood,,,,species
Hymenaea courbaril,0.88,own field data (Van der Sande),Bolivia,INPA,sapwood/heartwood,,,,species
Hymenaea courbaril,0.82,own field data (Van der Sande),Brazil,Tapajós,sapwood/heartwood,,,,species
Pterogyne nitens,0.68,own field data (Van der Sande),Bolivia,INPA,sapwood/heartwood,,,,species
Schizolobium parahyba,0.39,own field data (Van der Sande),Bolivia,La Chonta,sapwood/heartwood,,,,species
Urera baccifera,0.21,own field data (Van der Sande),Bolivia,INPA,sapwood/heartwood,,,,species
Zeyheria tuberculosa,0.71,own field data (Van der Sande),Bolivia,INPA,sapwood/heartwood,,,,species
Hymenaea courbaril,0.71,own field data (Wright),Panama,central Panama,sapwood/heartwood,,,,species
Hymenaea courbaril,0.75,own field data (Wright),Panama,central Panama,sapwood/heartwood,,,,species
Hymenaea courbaril,0.77,own field data (Wright),Panama,central Panama,sapwood/heartwood,,,,species
Hymenaea courbaril,0.78,own field data (Wright),Panama,central Panama,sapwood/heartwood,,,,species
Hymenaea courbaril,0.81,own field data (Wright),Panama,central Panama,sapwood/heartwood,,,,species
Psidium guajava,0.47,own field data (Wright),Panama,central Panama,sapwood/heartwood,,,,species
Psidium guajava,0.51,own field data (Wright),Panama,central Panama,sapwood/heartwood,,,,species
Psidium guajava,0.55,own field data (Wright),Panama,central Panama,sapwood/heartwood,,,,species
Psidium guajava,0.56,own field data (Wright),Panama,central Panama,sapwood/heartwood,,,,species
Psidium guajava,0.56,own field data (Wright),Panama,central Panama,sapwood/heartwood,,,,species
Schizolobium parahyba,0.39,own field data (Wright),Panama,central Panama,sapwood/heartwood,,,,species
Schizolobium parahyba,0.39,own field data (Wright),Panama,central Panama,sapwood/heartwood,,,,species
Schizolobium parahyba,0.44,own field data (Wright),Panama,central Panama,sapwood/heartwood,,,,species
Schizolobium parahyba,0.44,own field data (Wright),Panama,central Panama,sapwood/heartwood,,,,species
Schizolobium parahyba,0.54,own field data (Wright),Panama,central Panama,sapwood/heartwood,,,,species
Schizolobium parahyba,0.75,own field data (Wright),Panama,central Panama,sapwood/heartwood,,,,species
Schizolobium parahyba,0.47,own field data (Wright),Ecuador,"Yasuni, Amazonian Ecuador",,,,,species
Senegalia polyphylla,0.61,ter Steege & Hammond 2001,Guyana,,sapwood/heartwood,,,,species
