species,treatment,site,block,plot,tree_id,family,DBH_cm,height_m
Aloysia virgata,CON,1,1,2,1296,Verbenaceae,12.5,10.0
Aloysia virgata,CMLT,1,1,2,1648,Verbenaceae,18.4,10.3
Aloysia virgata,CMLT,1,1,2,1651,Verbenaceae,10.6,7.0
Aloysia virgata,CMLM,1,1,1,1670,Verbenaceae,11.2,6.8
Aloysia virgata,CMLM,1,1,1,1667,Verbenaceae,12.728707711311467,7.4
Aloysia virgata,SAFT,1,2,2,7495,Verbenaceae,12.4,8.7
Anadenanthera colubrina,DIV,1,3,1,1725,Fabaceae,12.7,12.6
Anadenanthera colubrina,SAFM,1,2,2,7464,Fabaceae,36.0,19.4
Anadenanthera colubrina,SAFM,1,3,1,3236,Fabaceae,22.6,22.5
Anadenanthera colubrina,DIV,2,1,1,77,Fabaceae,33.2,22.3
Anadenanthera colubrina,DIV,2,2,1,441,Fabaceae,28.3,21.0
Anadenanthera colubrina,SAFT,2,3,1,701,Fabaceae,17.6,20.6
Aspidosperma polyneuron,CMLM,1,2,1,1372,Apocynaceae,13.3,10.6
Aspidosperma polyneuron,CMLM,1,2,1,1373,Apocynaceae,13.0,10.3
Aspidosperma polyneuron,CMLM,1,2,1,1389,Apocynaceae,13.4,8.2
Aspidosperma polyneuron,SAFM,1,2,2,7476,Apocynaceae,15.0,11.1
Cedrela fissilis,CMLM,1,1,1,1658,Meliaceae,13.8,12.1
Cedrela fissilis,CMLM,1,1,1,1661,Meliaceae,17.2,13.7
Cedrela fissilis,DIV,1,3,1,1702,Meliaceae,10.9,9.7
Cedrela fissilis,SAFM,2,2,1,309,Meliaceae,19.9,14.3
Cedrela fissilis,SAFM,2,2,2,339,Meliaceae,21.1,9.7
Cedrela fissilis,CMLM,2,3,1,684,Meliaceae,17.7,9.0
Ceiba speciosa,DIV,1,3,1,1728,Malvaceae,16.1,11.5
Ceiba speciosa,DIV,1,3,,4996,Malvaceae,17.5,14.0
Ceiba speciosa,SEM,1,2,,4999,Malvaceae,51.0,21.4
Ceiba speciosa,SEM,1,1,,460b,Malvaceae,30.2,13.6
Ceiba speciosa,SEM,1,1,,203,Malvaceae,21.4,11.5
Centrolobium tomentosum,DIV,1,1,2,1322,Fabaceae,11.9,10.7
Centrolobium tomentosum,CMLM,1,1,2,1681,Fabaceae,11.2,9.6
Centrolobium tomentosum,DIV,1,2,2,4971,Fabaceae,22.2,20.0
Centrolobium tomentosum,DIV,2,1,2,95,Fabaceae,12.9,19.5
Centrolobium tomentosum,DIV,2,2,1,455,Fabaceae,22.2,16.9
Centrolobium tomentosum,CMLM,2,2,1,522,Fabaceae,16.2,12.8
Citharexylum myrianthum,DIV,1,1,2,1325,Verbenaceae,28.2,12.0
Citharexylum myrianthum,DIV,1,3,1,1722,Verbenaceae,17.1,18.8
Citharexylum myrianthum,DIV,1,3,1,1724,Verbenaceae,17.3,17.4
Citharexylum myrianthum,DIV,1,3,1,1730,Verbenaceae,18.3,12.5
Citharexylum myrianthum,DIV,1,3,2,1750,Verbenaceae,12.6,13.0
Citharexylum myrianthum,DIV,1,2,2,4968,Verbenaceae,26.5,16.3
Copaifera langsdorffii,CMLM,1,2,1,1374,Fabaceae,10.9,8.9
Copaifera langsdorffii,DIV,1,3,2,1760,Fabaceae,12.7,14.6
Copaifera langsdorffii,DIV,1,3,2,1762,Fabaceae,13.6,16.1
Copaifera langsdorffii,CMLM,2,3,1,682,Fabaceae,10.6,7.7
Copaifera langsdorffii,DIV,2,2,2,463,Fabaceae,13.8,12.8
Copaifera langsdorffii,CMLM,2,3,1,676,Fabaceae,12.1,7.7
Croton floribundus,DIV,1,3,2,1754,Euphorbiaceae,21.1,16.0
Croton floribundus,SEM,1,2,2,1999,Euphorbiaceae,18.1,13.3
Croton floribundus,DIV,1,2,2,4973,Euphorbiaceae,16.0,13.6
Croton floribundus,DIV,2,1,2,105,Euphorbiaceae,14.3,13.0
Croton floribundus,DIV,2,2,1,456,Euphorbiaceae,23.3,14.0
Croton floribundus,CMLM,2,2,1,510,Euphorbiaceae,12.0,8.2
Dipteryx alata,DIV,1,3,1,1713,Fabaceae,10.2,13.8
Dipteryx alata,DIV,1,3,2,1740,Fabaceae,13.0,16.9
Dipteryx alata,DIV,1,3,2,1742,Fabaceae,15.6,15.5
Dipteryx alata,DIV,2,1,2,101,Fabaceae,14.0,14.2
Dipteryx alata,DIV,2,2,2,474,Fabaceae,10.7,12.3
Dipteryx alata,DIV,2,2,2,480,Fabaceae,18.3,12.8
Enterolobium contortisiliquum,SAFM,1,1,2,2012,Fabaceae,10.4,8.9
Enterolobium contortisiliquum,CMLM,1,3,2,1269,Fabaceae,18.8,10.3
Enterolobium contortisiliquum,CMLM,1,1,2,1695,Fabaceae,25.8,16.0
Enterolobium contortisiliquum,CMLT,2,2,1,492,Fabaceae,14.5,8.3
Enterolobium contortisiliquum,SAFM,2,2,2,332,Fabaceae,25.2,10.4
Enterolobium contortisiliquum,SAFM,2,3,1,715,Fabaceae,26.2,9.4
Ficus guaranitica,DIV,1,1,2,1323,Moraceae,22.3,14.0
Ficus guaranitica,DIV,1,3,1,1720,Moraceae,24.6,17.4
Ficus guaranitica,DIV,1,3,,413,Moraceae,40.1,16.3
Ficus guaranitica,DIV,2,2,1,442,Moraceae,15.6,11.6
Ficus guaranitica,DIV,2,1,,313,Moraceae,14.4,13.3
Hymenaea courbaril,CMLM,1,1,1,1672,Fabaceae,12.4,11.2
Hymenaea courbaril,CMLT,1,3,1,1203,Fabaceae,16.4,15.3
Hymenaea courbaril,SAFM,1,2,2,7465,Fabaceae,28.1,13.1
Hymenaea courbaril,DIV,2,1,2,98,Fabaceae,11.8,16.5
Hymenaea courbaril,CMLT,2,3,2,668,Fabaceae,13.9,8.5
Hymenaea courbaril,SAFM,2,3,2,722,Fabaceae,21.2,14.9
Lonchocarpus cultratus,CMLT,1,3,2,1216,Fabaceae,26.2,25.4
Lonchocarpus cultratus,CON,1,1,2,1768,Fabaceae,13.4,9.2
Lonchocarpus cultratus,SEM,1,2,1,1966,Fabaceae,18.2,15.5
Lonchocarpus cultratus,SEM,1,2,1,1968,Fabaceae,13.7,8.9
Lonchocarpus cultratus,SEM,1,2,1,1975,Fabaceae,13.9,12.3
Lonchocarpus cultratus,SEM,1,1,1,3269,Fabaceae,17.7,16.5
Luehea divaricata,DIV,2,1,,496,Malvaceae,19.9,8.1
Luehea divaricata,DIV,1,2,1,4964,Malvaceae,20.646065000382034,9.6
Luehea divaricata,DIV,1,2,2,4974,Malvaceae,33.752185114448515,12.3
Luehea divaricata,DIV,1,1,1,1312,Malvaceae,23.263060847618483,6.3
Luehea divaricata,DIV,1,1,,2876,Malvaceae,30.6,12.0
Machaerium brasiliense,CON,1,1,1,1270,Fabaceae,14.9,7.9
Machaerium brasiliense,CON,1,1,1,1271,Fabaceae,16.4,10.0
Machaerium brasiliense,CON,1,1,2,1276,Fabaceae,15.7,9.5
Machaerium brasiliense,CON,1,1,1,3288,Fabaceae,10.3,9.2
Machaerium brasiliense,CON,1,1,1,3297,Fabaceae,13.0,10.7
Machaerium brasiliense,DIV,1,2,1,4965,Fabaceae,19.4,14.8
Machaerium hirtum,DIV,1,1,2,1321,Fabaceae,14.9,13.8
Machaerium hirtum,DIV,1,3,1,1721,Fabaceae,16.7,16.2
Machaerium hirtum,DIV,1,2,2,4976,Fabaceae,15.9,10.7
Machaerium hirtum,DIV,2,2,1,451,Fabaceae,24.5,11.9
Machaerium hirtum,DIV,2,2,2,460,Fabaceae,24.4,19.0
Machaerium hirtum,DIV,2,2,2,475,Fabaceae,14.4,11.9
Mimosa caesalpiniifolia,CMLT,1,3,2,1218,Fabaceae,32.973019273339226,10.6
Mimosa caesalpiniifolia,CMLT,1,2,2,1357,Fabaceae,28.04086303950005,10.6
Mimosa caesalpiniifolia,SAFM,1,2,1,7445,Fabaceae,10.8,11.9
Mimosa caesalpiniifolia,DIV,2,1,1,76,Fabaceae,21.3,17.9
Mimosa caesalpiniifolia,CMLT,2,1,2,196,Fabaceae,11.9,13.4
Moquiniastrum polymorphum,CON,2,3,1,744,Asteraceae,10.8,6.5
Moquiniastrum polymorphum,CON,2,3,2,751,Asteraceae,27.437201023428027,9.1
Moquiniastrum polymorphum,CON,2,3,2,755,Asteraceae,24.3,10.1
Moquiniastrum polymorphum,CON,2,3,2,761,Asteraceae,16.2,7.2
Moquiniastrum polymorphum,CON,2,3,2,766,Asteraceae,14.624978632463023,7.9
Myroxylon peruiferum,CMLM,2,1,1,119,Fabaceae,12.3,10.2
Myroxylon peruiferum,CMLM,2,1,1,131,Fabaceae,14.5,11.2
Myroxylon peruiferum,CMLT,2,1,1,183,Fabaceae,12.9,17.0
Myroxylon peruiferum,CMLT,1,3,2,1219,Fabaceae,17.0,15.3
Myroxylon peruiferum,CMLM,1,2,2,3583,Fabaceae,23.5,16.6
Myroxylon peruiferum,CMLM,1,2,2,3584,Fabaceae,20.2,16.2
Parapiptadenia rigida,SEM,2,1,1,242,Fabaceae,11.0,9.0
Parapiptadenia rigida,SEM,2,1,2,254,Fabaceae,11.5,13.4
Parapiptadenia rigida,CMLM,2,3,1,677,Fabaceae,10.5,4.9
Peltophorum dubium,SAFM,1,3,2,3244,Fabaceae,13.4,15.7
Peltophorum dubium,SAFM,1,3,2,3249,Fabaceae,30.8,22.5
Peltophorum dubium,CMLM,1,2,2,3593,Fabaceae,38.8,17.9
Peltophorum dubium,CMLT,2,1,2,201,Fabaceae,26.6,17.2
Peltophorum dubium,CMLM,2,2,1,533,Fabaceae,19.2,9.9
Peltophorum dubium,SAFM,2,3,2,725,Fabaceae,14.3,11.5
Piptadenia gonoacantha,DIV,1,3,1,1727,Fabaceae,35.7,18.5
Piptadenia gonoacantha,CMLT,1,1,2,1643,Fabaceae,11.8,13.0
Piptadenia gonoacantha,CON,2,1,,248,Fabaceae,11.8,10.2
Piptadenia gonoacantha,CMLT,2,2,2,505,Fabaceae,13.5,10.0
Piptadenia gonoacantha,DIV,2,3,2,599,Fabaceae,22.645970944077447,13.7
Poecilanthe parviflora,DIV,1,2,2,4972,Fabaceae,16.63640586184408,9.7
Poecilanthe parviflora,DIV,2,1,,424,Fabaceae,17.6,12.7
Poecilanthe parviflora,DIV,2,1,1,79,Fabaceae,27.21635537686852,12.7
Poecilanthe parviflora,DIV,2,1,1,87,Fabaceae,14.362799170078235,12.2
Poecilanthe parviflora,DIV,2,1,2,109,Fabaceae,11.9,11.7
Psidium guajava,SAFM,2,1,2,67,Myrtaceae,10.5,4.0
Psidium guajava,CON,2,1,1,275,Myrtaceae,17.504570831642802,6.8
Psidium guajava,CON,2,1,2,291,Myrtaceae,13.36899397860587,7.5
Psidium guajava,CON,2,2,1,559,Myrtaceae,15.611854470241516,8.0
Psidium guajava,CON,2,2,1,563,Myrtaceae,18.27894964159593,6.4
Psidium guajava,CON,2,2,2,570,Myrtaceae,10.4,5.5
Pterogyne nitens,DIV,1,1,2,1314,Fabaceae,16.5,15.3
Pterogyne nitens,DIV,1,1,1,1306,Fabaceae,24.6,17.5
Pterogyne nitens,SAFM,1,2,2,7469,Fabaceae,28.6,20.2
Pterogyne nitens,CMLT,2,3,1,651,Fabaceae,11.8,9.5
Pterogyne nitens,SAFM,2,3,1,714,Fabaceae,32.7,11.9
Pterogyne nitens,SAFT,2,2,1,359,Fabaceae,38.6,19.8
Schinus terebinthifolia,DIV,1,1,1,1303,Anacardiaceae,26.419689627245813,16.7
Schinus terebinthifolia,SEM,1,3,2,1622,Anacardiaceae,12.44588285337766,11.5
Schinus terebinthifolia,DIV,1,2,1,4960,Anacardiaceae,17.4,12.7
Schinus terebinthifolia,DIV,2,1,1,85,Anacardiaceae,26.70037452920839,13.1
Schinus terebinthifolia,DIV,2,1,1,86,Anacardiaceae,10.2,9.5
Schinus terebinthifolia,DIV,2,2,0,800,Anacardiaceae,14.6,6.5
Schizolobium parahyba,SEM,1,1,,337,Fabaceae,46.2,20.5
Schizolobium parahyba,DIV,1,1,,192,Fabaceae,29.5,21.3
Schizolobium parahyba,DIV,1,1,,217,Fabaceae,20.7,11.7
Schizolobium parahyba,SEM,2,3,1,615,Fabaceae,35.0,16.6
Schizolobium parahyba,SEM,2,3,,353,Fabaceae,26.9,16.1
Senegalia polyphylla,DIV,2,3,1,586,Fabaceae,10.6,9.8
Senegalia polyphylla,DIV,2,3,1,592,Fabaceae,31.8,12.6
Senegalia polyphylla,DIV,2,3,1,594,Fabaceae,30.5,13.2
Senegalia polyphylla,SAFT,2,3,1,699,Fabaceae,10.2,9.2
Senegalia polyphylla,SAFM,2,3,1,721,Fabaceae,24.553207529770933,12.1
Urera baccifera,CMLT,1,2,2,1360,Urticaceae,10.7,5.3
Urera baccifera,SAFM,1,2,2,7462,Urticaceae,11.1,6.6
Urera baccifera,SAFM,1,2,2,7478,Urticaceae,10.4,7.3
Urera baccifera,SAFM,1,2,2,7479,Urticaceae,16.2,7.5
Urera baccifera,SAFM,1,2,2,7480,Urticaceae,14.322011031974526,6.4
Urera baccifera,SAFM,1,2,2,7482,Urticaceae,12.0,7.4
Zeyheria tuberculosa,SAFT,1,3,2,3223,Bignoniaceae,15.2,13.9
Zeyheria tuberculosa,SAFT,1,3,2,3224,Bignoniaceae,14.9,14.9
Zeyheria tuberculosa,SAFM,1,3,1,3230,Bignoniaceae,13.7,13.3
Zeyheria tuberculosa,SAFM,2,1,1,38,Bignoniaceae,14.6,11.2
Zeyheria tuberculosa,SAFT,2,2,2,383,Bignoniaceae,13.7,12.6
Zeyheria tuberculosa,CMLM,2,2,2,539,Bignoniaceae,11.6,8.5
